-- phpMyAdmin SQL Dump
-- version 4.4.11
-- http://www.phpmyadmin.net
--
-- Host: 127.0.0.1:3306
-- Generation Time: Mar 17, 2017 at 07:46 AM
-- Server version: 5.5.44
-- PHP Version: 5.4.43

SET SQL_MODE = "NO_AUTO_VALUE_ON_ZERO";
SET time_zone = "+00:00";


/*!40101 SET @OLD_CHARACTER_SET_CLIENT=@@CHARACTER_SET_CLIENT */;
/*!40101 SET @OLD_CHARACTER_SET_RESULTS=@@CHARACTER_SET_RESULTS */;
/*!40101 SET @OLD_COLLATION_CONNECTION=@@COLLATION_CONNECTION */;
/*!40101 SET NAMES utf8mb4 */;

--
-- Database: `far_stok`
--

-- --------------------------------------------------------

--
-- Table structure for table `far_alat`
--

CREATE TABLE `far_alat` (
  `id_alat` int(55) NOT NULL,
  `nama_alat` varchar(255) NOT NULL,
  `ukuran` varchar(255) NOT NULL,
  `spesifikasi` text NOT NULL,
  `jumlah` varchar(255) NOT NULL,
  `kondisi` text NOT NULL,
  `id_dana` mediumint(5) NOT NULL,
  `last_update` varchar(255) NOT NULL
) ENGINE=InnoDB AUTO_INCREMENT=83 DEFAULT CHARSET=utf8;

--
-- Dumping data for table `far_alat`
--

INSERT INTO `far_alat` (`id_alat`, `nama_alat`, `ukuran`, `spesifikasi`, `jumlah`, `kondisi`, `id_dana`, `last_update`) VALUES
(5, 'Nama Alat', 'Ukuran ', 'Spesifikasi', 'Jumlah', 'Keterangan', 6, 'April 28, 2016 - 11:25:51'),
(6, 'AC', '', 'LG', '2', '', 6, 'March 15, 2017 - 11:37:40'),
(7, 'AC', '', 'Panasonic', '1', '', 6, 'April 28, 2016 - 11:25:52'),
(8, 'Baki', '302-303', 'Lion Star', '45', 'Uk. 303 sebanyak 6 buah', 6, 'July 28, 2016 - 10:12:20'),
(9, 'Balp Pipet', '', 'Karet', '5', '', 6, 'April 28, 2016 - 11:25:52'),
(10, 'Batang Pengaduk', 'p = 20 cm', 'Kaca', '40', 'Sisa 39, 1 Pecah (Anya)', 6, 'July 28, 2016 - 10:12:54'),
(11, 'Beaker Glass', '10 ml ', 'Iwaki Pyrex', '10', '', 6, 'April 28, 2016 - 11:25:52'),
(12, 'Beaker Glass', '50 ml', 'Scott Duran', '1', '', 6, 'April 28, 2016 - 11:25:52'),
(13, 'Beaker Glass', '100 ml', 'Iwaki Pyrex', '16', '', 6, 'April 28, 2016 - 11:25:52'),
(14, 'Beaker Glass', '100 ml', 'Schot', '11', '', 6, 'April 28, 2016 - 11:25:53'),
(15, 'Beaker Glass', '250 ml', 'Iwaki Pyrex', '9', '', 6, 'April 28, 2016 - 11:25:53'),
(16, 'Beaker Glass', '300 ml', 'Iwaki Pyrex', '9', '', 6, 'April 28, 2016 - 11:25:53'),
(17, 'Botol Semprot', '250 ml', '', '8', '', 6, 'April 28, 2016 - 11:25:53'),
(18, 'Botol Semprot', '500 ml', '', '12', '1 hilang tutup\r\n', 6, 'July 28, 2016 - 10:13:18'),
(19, 'Buret', '25 ml', '', '2', '', 6, 'April 28, 2016 - 11:25:53'),
(20, 'Cawan Uap', '100 ml', 'Jangkar', '1', '', 6, 'April 28, 2016 - 11:25:53'),
(21, 'Cawan Uap', '125 ml', 'Jangkar', '30', '', 6, 'April 28, 2016 - 11:25:53'),
(22, 'Cawan Uap', '150 ml', 'Jangkar', '50', '', 6, 'April 28, 2016 - 11:25:53'),
(23, 'Cawan Uap', '400 ml ', 'Jangkar', '9', '', 6, 'April 28, 2016 - 11:25:53'),
(24, 'Corong Kaca', '60 mm', '', '4', '', 6, 'April 28, 2016 - 11:25:53'),
(25, 'Corong Kaca', '75 mm', '', '24', '', 6, 'April 28, 2016 - 11:25:53'),
(26, 'Erlenmeyer', '100 ml', 'scott n iwaki', '81', '1 gores bawah', 6, 'July 28, 2016 - 10:13:44'),
(27, 'Erlenmeyer', '200 ml', '', '1', '', 6, 'April 28, 2016 - 11:25:53'),
(28, 'Erlenmeyer', '250 ml', 'scott', '30', '', 6, 'April 28, 2016 - 11:25:53'),
(29, 'Gegep Kayu', '', '', '11', '', 6, 'July 28, 2016 - 10:14:04'),
(30, 'Gelas Ukur', '5 ml', 'Iwaki Pyrex', '10', '', 6, 'April 28, 2016 - 11:25:53'),
(31, 'Gelas Ukur', '10 ml ', 'bertutup', '13', '1 hilang tutupnya, 1 nemu di lemari tidak terpakai', 6, 'July 28, 2016 - 10:14:44'),
(32, 'Gelas Ukur', '', 'tidak bertutup', '7', '', 6, 'April 28, 2016 - 11:25:53'),
(33, 'Gelas Ukur', '25 ml', 'Iwaki Pyrex', '44', '1 dipecahin bu wahyu', 6, 'April 28, 2016 - 11:25:53'),
(34, 'Gelas Ukur', '50 ml', 'Iwaki Pyrex', '41', '1 dipecahin bu diar', 6, 'April 28, 2016 - 11:25:53'),
(35, 'Gelas Ukur', '100 ml', 'Iwaki Pyrex', '40', '', 6, 'April 28, 2016 - 11:25:53'),
(36, 'Gelas Ukur', '250 ml', 'Iwaki Pyrex', '20', '', 6, 'April 28, 2016 - 11:25:53'),
(37, 'Gelas Ukur', '500 ml', '', '2', '', 6, 'April 28, 2016 - 11:25:53'),
(38, 'Kaca Arloji', '', '', '5', '', 6, 'April 28, 2016 - 11:25:53'),
(39, 'Kaca Arloji', '', '', '13', '1 pinggirannya bagus', 6, 'April 28, 2016 - 11:25:53'),
(40, 'Kaca Arloji', '', '', '27', 'gabungan uk 7 & 7,5 cm', 6, 'April 28, 2016 - 11:25:53'),
(41, 'Kaca Arloji', '', '', '11', '', 6, 'April 28, 2016 - 11:25:53'),
(42, 'Kaca Arloji', '', '', '67', '28 Merk Normax', 6, 'April 28, 2016 - 11:25:53'),
(43, 'Kaki 3', '', 'besi', '10', '', 6, 'April 28, 2016 - 11:25:53'),
(44, 'kawat Ose', '', '', '8', '', 6, 'April 28, 2016 - 11:25:53'),
(45, 'Klem dan Statif', '', '', '2', '', 6, 'April 28, 2016 - 11:25:53'),
(46, 'Kompor Gas', '1 tungku', '', '1', '', 6, 'April 28, 2016 - 11:25:53'),
(47, 'Kompor Gas', '2 tungku', '', '1', '', 6, 'April 28, 2016 - 11:25:53'),
(48, 'Krus Tang', '', '', '3', '', 6, 'April 28, 2016 - 11:25:53'),
(49, 'Labu Didih', '10 ml ', '', '10', '', 6, 'April 28, 2016 - 11:25:53'),
(50, 'Labu Didih', '200 ml ', '', '27', '', 6, 'April 28, 2016 - 11:25:53'),
(51, 'Labu Didih', '500 ml', '', '4', '', 6, 'April 28, 2016 - 11:25:53'),
(52, 'Labu Ukur', '50 ml', 'Iwaki Pyrex', '5', '', 6, 'April 28, 2016 - 11:25:53'),
(53, 'Labu Ukur', '100 ml', 'Iwaki Pyrex', '25', '', 6, 'April 28, 2016 - 11:25:53'),
(54, 'Labu Ukur', '250 ml', 'scott', '10', '', 6, 'April 28, 2016 - 11:25:53'),
(55, 'Lampu Spiritus', '', '', '10', '1 pecah (Mulyadi)', 6, 'July 28, 2016 - 10:15:40'),
(56, 'Mortir + Alu', 'Besar', 'Jangkar', '39', '', 6, 'April 28, 2016 - 11:25:54'),
(57, 'Mortir + Alu', 'Sedang', 'Jangkar', '47', '', 6, 'April 28, 2016 - 11:25:54'),
(58, 'Mortir + Alu', 'Kecil', 'Jangkar', '26', '', 6, 'April 28, 2016 - 11:25:54'),
(59, 'Pengayak ', '', '', '3', '', 6, 'April 28, 2016 - 11:25:54'),
(60, 'Pengayak ', '', '100', '3', '', 6, 'April 28, 2016 - 11:25:54'),
(61, 'Pinset', '', '', '2', '', 6, 'April 28, 2016 - 11:25:54'),
(62, 'Pipet Ukur', '1 ml', '', '10', '', 6, 'April 28, 2016 - 11:25:54'),
(63, 'Pipet Ukur', '10 ml ', '', '15', '', 6, 'April 28, 2016 - 11:25:54'),
(64, 'Pipet Volume', '10 ml ', '', '5', '', 6, 'April 28, 2016 - 11:25:54'),
(65, 'Pipet Volume', '5 ml', '', '5', '', 6, 'April 28, 2016 - 11:25:54'),
(66, 'Plat Tetes', '', '', '5', '', 6, 'April 28, 2016 - 11:25:54'),
(67, 'Rak Tabung Reaksi', 'Kayu', '', '4', '', 6, 'April 28, 2016 - 11:25:54'),
(68, 'Rak Tabung Reaksi', 'Stainless', '', '5', '', 6, 'April 28, 2016 - 11:25:54'),
(69, 'Sendok Porcelin', '', '', '20', '', 6, 'April 28, 2016 - 11:25:54'),
(70, 'Sendok Tanduk', '', '', '28', '', 6, 'April 28, 2016 - 11:25:54'),
(71, 'Spatel Logam', '', '', '38', '', 6, 'April 28, 2016 - 11:25:54'),
(72, 'Tabung Reaksi', '', '', '64', '', 6, 'April 28, 2016 - 11:25:54'),
(73, 'Tabung Sentrifuge', '10 ml ', '', '10', '', 6, 'April 28, 2016 - 11:25:54'),
(74, 'Timbangan Digital', '', '', '1', '', 6, 'April 28, 2016 - 11:25:54'),
(75, 'Pengayak Plastik ', '100', 'Untuk ZnO', '3', '', 6, 'July 28, 2016 - 10:16:23'),
(76, 'Kabel Rol', '15 m', '', '2', '', 6, 'July 28, 2016 - 10:16:43'),
(77, 'Timbangan Halus', '', '', '10', '', 6, 'July 28, 2016 - 10:17:12'),
(78, 'Timbangan Kasar', '500 mg - 1000 g', '', '21', '2 Cacat', 6, 'July 28, 2016 - 10:17:39'),
(79, 'Timbanagn', '250 mg - 500 g', '', '14', '', 6, 'July 28, 2016 - 10:18:03'),
(82, 'Adalah Contoh', '250 ml', 'asdasd', '12', 'asdsadsad', 4, 'March 15, 2017 - 13:27:29');

-- --------------------------------------------------------

--
-- Table structure for table `far_barang`
--

CREATE TABLE `far_barang` (
  `id_barang` int(20) NOT NULL,
  `kode_barang` varchar(100) NOT NULL,
  `nama_barang` varchar(255) NOT NULL,
  `nama_kategori` varchar(255) NOT NULL,
  `nama_satuan` varchar(255) NOT NULL,
  `exp_date` varchar(255) NOT NULL
) ENGINE=InnoDB AUTO_INCREMENT=142 DEFAULT CHARSET=latin1;

--
-- Dumping data for table `far_barang`
--

INSERT INTO `far_barang` (`id_barang`, `kode_barang`, `nama_barang`, `nama_kategori`, `nama_satuan`, `exp_date`) VALUES
(4, 'FM-1', 'Acetosal', 'Padat', 'kg', '09/09/2020'),
(5, 'FM-2', 'Acid Boric Kristal', 'Padat', 'kg', '09/09/2020'),
(6, 'FM-3', 'Acid Citric', 'Padat', 'kg', '09/09/2020'),
(7, 'FM-4', 'Acid Salicylicum', 'Padat', 'kg', '09/09/2020'),
(8, 'FM-5', 'Acid Stearic', 'Padat', 'kg', '09/09/2020'),
(9, 'FM-6', 'Acid Tartaric', 'Padat', 'kg', '09/09/2020'),
(10, 'FM-7', 'Adeps Lanae', 'Padat', 'kg', '09/09/2020'),
(11, 'FM-8', 'Aluin', 'Padat', 'kg', '09/09/2020'),
(12, 'FM-9', 'Amonii Chlorida', 'Umum', 'kg', '09/09/2020'),
(13, 'FM-10', 'Antalgin', 'Umum', 'kg', '09/09/2020'),
(14, 'FM-11', 'Asam Benzoat', 'Padat', 'kg', '09/09/2020'),
(15, 'FM-12', 'Bentonit', 'Padat', 'kg', '09/09/2020'),
(16, 'FM-13', 'Benzocain', 'Padat', '500 g', '09/09/2020'),
(17, 'FM-14', 'Calamin', 'Umum', 'kg', '09/09/2020'),
(18, 'FM-15', 'Calcium Carbonat', 'Padat', 'kg', '09/09/2020'),
(19, 'FM-16', 'Calcium Lactat', 'Umum', 'kg', '09/09/2020'),
(20, 'FM-17', 'Cera Alba', 'Padat', 'kg', '09/09/2020'),
(21, 'FM-18', 'Cera Flava', 'Umum', 'kg', '09/09/2020'),
(22, 'FM-19', 'Cetaceum', 'Umum', 'kg', '09/09/2020'),
(23, 'FM-20', 'Champora', 'Umum', 'kg', '09/09/2020'),
(24, 'FM-21', 'Chloramphenicol Base', 'Padat', 'kg', '09/09/2020'),
(25, 'FM-22', 'CMC', 'Umum', 'kg', '09/09/2020'),
(26, 'FM-23', 'Coffein', 'Umum', 'kg', '09/09/2020'),
(27, 'FM-24', 'Emulgid', 'Padat', 'kg', '09/09/2020'),
(28, 'FM-25', 'Ferrosi Sulfat', 'Umum', 'kg', '09/09/2020'),
(29, 'FM-26', 'Gom Arab', 'Padat', 'kg', '09/09/2020'),
(30, 'FM-27', 'Gula Pasir', 'Umum', 'kg', '09/09/2020'),
(31, 'FM-28', 'Kalium Iodida', 'Umum', 'kg', '09/09/2020'),
(32, 'FM-29', 'Kaolin', 'Umum', 'kg', '09/09/2020'),
(33, 'FM-30', 'Lactosa', 'Umum', 'kg', '09/09/2020'),
(34, 'FM-31', 'Magneium Carbonat Levis', 'Padat', 'kg', '09/09/2020'),
(35, 'FM-32', 'Magnesium Carbonat', 'Padat', 'kg', '09/09/2020'),
(36, 'FM-33', 'Magnesium Oksida', 'Padat', 'kg', '09/09/2020'),
(37, 'FM-34', 'Magnesium Sulfat', 'Padat', 'kg', '09/09/2020'),
(38, 'FM-35', 'Menthol', 'Padat', 'kg', '09/09/2020'),
(39, 'FM-36', 'Natrium Benzoat', 'Padat', 'kg', '09/09/2020'),
(40, 'FM-37', 'Natrium Bicarbonat', 'Padat', 'kg', '09/09/2020'),
(41, 'FM-38', 'Natrium Carbonat', 'Padat', 'kg', '09/09/2020'),
(42, 'FM-39', 'Natrium Chlorida', 'Padat', 'kg', '09/09/2020'),
(43, 'FM-40', 'Natrium Citrat', 'Padat', 'kg', '09/09/2020'),
(44, 'FM-41', 'Natrium Lauril Sulfat', 'Padat', 'kg', '09/09/2020'),
(45, 'FM-42', 'Natrium Metabisulfit', 'Padat', 'kg', '09/09/2020'),
(46, 'FM-43', 'Natrium Sulfat', 'Padat', 'kg', '09/09/2020'),
(47, 'FM-44', 'Natrium Tetraborat', 'Padat', 'kg', '09/09/2020'),
(48, 'FM-45', 'Paracetamol', 'Padat', 'kg', '09/09/2020'),
(49, 'FM-46', 'Resorcin', 'Padat', 'kg', '09/09/2020'),
(50, 'FM-47', 'Rivanol', 'Padat', '500 g', '09/09/2020'),
(51, 'FM-48', 'Revina', 'Padat', '500 g', '09/09/2020'),
(52, 'FM-49', 'Succus Powder', 'Padat', 'kg', '09/09/2020'),
(53, 'FM-50', 'Sulfadiazin', 'Umum', 'kg', '09/09/2020'),
(54, 'FM-51', 'Sulfur PP', 'Umum', 'kg', '09/09/2020'),
(55, 'FM-52', 'Talkum', 'Umum', 'kg', '09/09/2020'),
(56, 'FM-53', 'Tanin', 'Umum', 'kg', '09/09/2020'),
(57, 'FM-54', 'Temulawak', 'Umum', 'kg', '09/09/2020'),
(58, 'FM-55', 'Tepung Beras', 'Padat', 'kg', '09/09/2020'),
(59, 'FM-56', 'Terigu', 'Umum', 'kg', '09/09/2020'),
(60, 'FM-57', 'Theophyllin', 'Umum', 'kg', '09/09/2020'),
(61, 'FM-58', 'Vaselin Album', 'Padat', 'kg', '09/09/2020'),
(62, 'FM-59', 'Vaselin Flavum', 'Umum', 'kg', '09/09/2020'),
(63, 'FM-60', 'Vit. B1', 'Padat', '250 g', '09/09/2020'),
(64, 'FM-61', 'Vitamin C', 'Umum', 'kg', '09/09/2020'),
(65, 'FM-62', 'Zinc Chlorida', 'Umum', 'kg', '09/09/2020'),
(66, 'FM-63', 'Zinc Oksida', 'Umum', 'kg', '09/09/2020'),
(67, 'FM-64', 'Zinc Stearat', 'Umum', 'kg', '09/09/2020'),
(68, 'FM-65', 'Acid Oleinic', 'Cairan', 'L', '09/09/2020'),
(69, 'FM-66', 'Amonia', 'Cairan', 'L', '09/09/2020'),
(70, 'FM-67', 'Aqua Rosae', 'Cairan', 'L', '09/09/2020'),
(71, 'FM-68', 'Eter', 'Cairan', 'L', '09/09/2020'),
(72, 'FM-69', 'Extract Thymi', 'Cairan', 'L', '09/09/2020'),
(73, 'FM-70', 'Gandapura', 'Cairan', 'L', '09/09/2020'),
(74, 'FM-71', 'Glycerin', 'Cairan', 'L', '09/09/2020'),
(75, 'FM-72', 'Glycerin', 'Cairan', 'L', '09/09/2020'),
(76, 'FM-73', 'Hidrogen Peroksida', 'Cairan', 'L', '09/09/2020'),
(77, 'FM-74', 'Ichythyol', 'Cairan', '500 g', '09/09/2020'),
(78, 'FM-75', 'LCD', 'Cairan', '500 ml', '09/09/2020'),
(79, 'FM-76', 'Minyak Goreng', 'Cairan', 'L', '09/09/2020'),
(80, 'FM-77', 'Oleum Anisi', 'Cairan', 'L', '09/09/2020'),
(81, 'FM-78', 'Oleum Cacao', 'Cairan', 'L', '09/09/2020'),
(82, 'FM-79', 'Oleum Cajuputih', 'Cairan', 'L', '09/09/2020'),
(83, 'FM-80', 'Oleum Cengkeh', 'Cairan', 'L', '09/09/2020'),
(84, 'FM-81', 'Oleum Citronella', 'Cairan', 'L', '09/09/2020'),
(85, 'FM-82', 'Oleum Iecoris Aselli', 'Cairan', 'L', '09/09/2020'),
(86, 'FM-83', 'Oleum Lemon', 'Cairan', 'L', '09/09/2020'),
(87, 'FM-84', 'Oleum Mentha Piperitha', 'Cairan', 'L', '09/09/2020'),
(88, 'FM-85', 'Oleum Ricini', 'Cairan', 'L', '09/09/2020'),
(89, 'FM-86', 'Oleum Sesami', 'Cairan', 'L', '09/09/2020'),
(90, 'FM-87', 'Parrafin Liq.', 'Cairan', 'L', '09/09/2020'),
(91, 'FM-88', 'Phenol Liq.', 'Cairan', 'L', '09/09/2020'),
(92, 'FM-89', 'Propylen Glicol', 'Cairan', 'L', '09/09/2020'),
(93, 'FM-90', 'Sorbitol', 'Cairan', 'L', '09/09/2020'),
(94, 'FM-91', 'Tinctur Aromatik', 'Cairan', 'L', '09/09/2020'),
(95, 'FM-92', 'Trietanolamin', 'Cairan', 'L', '09/09/2020'),
(96, 'FM-93', 'Aminophyllin 200 mg', 'Tablet', 'FLZ/100 Tab', '09/09/2020'),
(97, 'FM-94', 'Amoxicillin 500 mg', 'Tablet', 'Dus', '09/09/2020'),
(98, 'FM-95', 'Bronex', 'Tablet', 'Dus', '09/09/2020'),
(99, 'FM-96', 'Ampicillin 500 mg', 'Tablet', 'Dus', '09/09/2020'),
(100, 'FM-97', 'Bactrim A', 'Tablet', 'Dus', '09/09/2020'),
(101, 'FM-98', 'Ethambutol @500 mg', 'Tablet', 'Dus', '09/09/2020'),
(102, 'FM-99', 'Asam Mefenamat', 'Tablet', 'Dus', '09/09/2020'),
(103, 'FM-100', 'Ciprofloxacin', 'Tablet', 'Dus', '09/09/2020'),
(104, 'FM-101', 'Cimetidine @200 mg', 'Tablet', 'Dus', '09/09/2020'),
(105, 'FM-102', 'Isoniazid @300 mg', 'Tablet', 'Dus', '09/09/2020'),
(106, 'FM-103', 'Ambroxol @30 mg', 'Tablet', 'Dus', '09/09/2020'),
(107, 'FM-104', 'Salbutamol @4mg', 'Tablet', 'Dus', '09/09/2020'),
(108, 'FM-105', 'Natrium Diklofenak @50 mg', 'Tablet', 'Dus', '09/09/2020'),
(110, 'FM-65', 'Emulgid Bongkahan', 'Padat', 'kg', ''),
(111, 'FM-1', 'Alkohol 96%', 'Cairan', 'Liter', ''),
(114, 'FM-11', 'Balsam Peru', 'Cairan', 'kg', ''),
(115, 'FM-12', 'Iodium', 'Padat', 'kg', ''),
(116, 'FM-13', 'Kapsul No. 1', 'Pilih Kategori:', 'Pilih Satuan:', ''),
(117, 'FM-14', 'Kapsul No. 2', 'Pilih Kategori:', 'Pilih Satuan:', ''),
(118, 'fm-15', 'Kapsul No. 3', 'Pilih Kategori:', 'Pilih Satuan:', ''),
(119, 'FM-16', 'Antalgin 500mg', 'Tablet', 'FLZ/1000 Tab.', '18/07/2018'),
(120, 'FM-17', 'Vitamin B1 50mg', 'Tablet', 'FLZ/100 Tab', '23/10/2018'),
(121, 'FM-17', 'Carbo Adsorben', 'Padat', 'kg', '28/01/2018'),
(122, 'FM-19', 'CTM', 'Tablet', 'FLZ/100 Tab', ''),
(123, 'FM-20', 'Rifampicin', 'Tablet', 'Dus', ''),
(124, 'FM-21', 'Digoxin', 'Tablet', 'Dus', ''),
(125, 'FM-22', 'Strocain', 'Tablet', 'Dus', ''),
(126, 'FM-23', 'Paracetamol', 'Tablet', 'FLZ/1000 Tab.', ''),
(127, 'FM-24', 'Trifalgin', 'Tablet', 'FLZ/1000 Tab.', ''),
(128, 'FM-25', 'Trisulfa', 'Tablet', 'FLZ/1000 Tab.', ''),
(129, 'FM-26', 'Saccharin', 'Tablet', 'FLZ/100 Tab', ''),
(130, 'FM-27', 'Dexamethasone', 'Tablet', 'FLZ/1000 Tab.', ''),
(131, 'FM-28', 'Dextromethorphan HBr', 'Tablet', 'FLZ/1000 Tab.', ''),
(132, 'FM-29', 'Glyceril Guaiacolas', 'Tablet', 'FLZ/1000 Tab.', ''),
(133, 'FM-30', 'Prednison', 'Tablet', 'FLZ/1000 Tab.', ''),
(134, 'FM-31', 'Vitamin B-Complex', 'Tablet', 'FLZ/1000 Tab.', ''),
(135, 'FM-32', 'Vitamin B1 5mg', 'Tablet', 'FLZ/1000 Tab.', ''),
(136, 'FM-33', 'Vitamin B6', 'Tablet', 'FLZ/250 Tab.', ''),
(137, 'FM-34', 'Vitamin B6', 'Tablet', 'FLZ/1000 Tab.', ''),
(138, 'FM-35', 'Vitamin B6', 'Tablet', 'FLZ/250 Tab.', ''),
(139, 'FM-36', 'Vitamin B12', 'Tablet', 'FLZ/1000 Tab.', ''),
(140, 'FM-37', 'Vitamin B12', 'Tablet', 'FLZ/250 Tab.', ''),
(141, 'FM-38', 'Vitamin C', 'Tablet', 'FLZ/1000 Tab.', '');

-- --------------------------------------------------------

--
-- Table structure for table `far_dana`
--

CREATE TABLE `far_dana` (
  `id_dana` int(5) NOT NULL,
  `sumberdana` varchar(55) NOT NULL,
  `keterangan` text NOT NULL
) ENGINE=InnoDB AUTO_INCREMENT=7 DEFAULT CHARSET=utf8;

--
-- Dumping data for table `far_dana`
--

INSERT INTO `far_dana` (`id_dana`, `sumberdana`, `keterangan`) VALUES
(4, 'Dana BOS', 'Sumber Dana Uang BOS'),
(6, 'Sekolah', 'Sumber dana uang sekolah/yayasan');

-- --------------------------------------------------------

--
-- Table structure for table `far_kategori`
--

CREATE TABLE `far_kategori` (
  `id_kategori` int(20) NOT NULL,
  `kode_kategori` varchar(100) NOT NULL,
  `nama_kategori` varchar(255) NOT NULL
) ENGINE=InnoDB AUTO_INCREMENT=6 DEFAULT CHARSET=latin1;

--
-- Dumping data for table `far_kategori`
--

INSERT INTO `far_kategori` (`id_kategori`, `kode_kategori`, `nama_kategori`) VALUES
(2, '-', 'Padat'),
(3, '-', 'Cairan'),
(4, '-', 'Tablet'),
(5, '-', 'Umum');

-- --------------------------------------------------------

--
-- Table structure for table `far_keluar`
--

CREATE TABLE `far_keluar` (
  `id_keluar` int(20) NOT NULL,
  `tgl` varchar(255) NOT NULL,
  `id_barang` varchar(100) NOT NULL,
  `jml` int(20) NOT NULL,
  `jenis_trans` varchar(55) NOT NULL
) ENGINE=InnoDB AUTO_INCREMENT=97 DEFAULT CHARSET=latin1;

--
-- Dumping data for table `far_keluar`
--

INSERT INTO `far_keluar` (`id_keluar`, `tgl`, `id_barang`, `jml`, `jenis_trans`) VALUES
(3, '10/05/2016', '55', 1, ''),
(4, '10/05/2016', '48', 1, ''),
(5, '10/05/2016', '33', 1, ''),
(6, '10/05/2016', '29', 1, ''),
(7, '09/05/2016', '89', 1, ''),
(8, '09/05/2016', '33', 1, ''),
(9, '09/05/2016', '98', 2, ''),
(10, '09/05/2016', '97', 1, ''),
(11, '09/05/2016', '13', 1, ''),
(12, '09/05/2016', '61', 1, ''),
(13, '09/05/2016', '10', 1, ''),
(14, '09/05/2016', '55', 1, ''),
(15, '09/05/2016', '66', 1, ''),
(16, '09/05/2016', '5', 1, ''),
(17, '09/05/2016', '37', 1, ''),
(18, '09/05/2016', '58', 3, ''),
(19, '09/05/2016', '59', 1, ''),
(20, '09/05/2016', '30', 3, ''),
(21, '10/05/2016', '79', 1, ''),
(22, '09/05/2016', '110', 1, ''),
(23, '14/06/2016', '43', 2, ''),
(24, '14/06/2016', '7', 1, ''),
(25, '28/06/2016', '32', 1, ''),
(26, '06/06/2016', '41', 1, ''),
(27, '07/06/2016', '12', 1, ''),
(28, '31/05/2016', '52', 1, ''),
(29, '10/05/2016', '33', 1, ''),
(30, '06/06/2016', '68', 2, ''),
(31, '10/05/2016', '70', 3, ''),
(32, '13/06/2016', '89', 1, ''),
(33, '01/05/2016', '83', 1, ''),
(34, '05/08/2016', '55', 2, ''),
(35, '05/08/2016', '29', 1, ''),
(36, '05/08/2016', '79', 2, ''),
(37, '09/08/2016', '30', 2, ''),
(38, '09/08/2016', '97', 1, ''),
(39, '09/09/2016', '96', 1, ''),
(40, '12/09/2016', '106', 2, ''),
(41, '12/09/2016', '107', 2, ''),
(42, '22/08/2016', '70', 5, ''),
(43, '22/08/2016', '89', 1, ''),
(44, '02/09/2016', '23', 1, ''),
(45, '02/09/2016', '5', 1, ''),
(46, '02/09/2016', '111', 7, ''),
(47, '05/09/2016', '55', 1, ''),
(48, '05/09/2016', '33', 1, ''),
(49, '05/09/2016', '54', 1, ''),
(50, '06/09/2016', '79', 2, ''),
(51, '06/09/2016', '90', 1, ''),
(52, '06/09/2016', '89', 1, ''),
(53, '08/09/2016', '106', 2, ''),
(54, '08/09/2016', '107', 2, ''),
(55, '08/09/2016', '98', 1, ''),
(56, '30/09/2016', '55', 1, ''),
(57, '29/09/2016', '59', 3, ''),
(58, '29/09/2016', '72', 2, ''),
(59, '29/09/2016', '66', 1, ''),
(60, '06/10/2016', '61', 3, ''),
(61, '06/10/2016', '62', 6, ''),
(62, '06/10/2016', '55', 4, ''),
(63, '07/10/2016', '33', 1, ''),
(64, '07/10/2016', '29', 1, ''),
(65, '28/10/2016', '61', 8, ''),
(66, '28/10/2016', '62', 8, ''),
(67, '28/10/2016', '10', 5, ''),
(68, '28/10/2016', '66', 2, ''),
(69, '28/10/2016', '55', 5, ''),
(70, '28/10/2016', '59', 4, ''),
(71, '28/10/2016', '5', 2, ''),
(72, '28/10/2016', '37', 2, ''),
(73, '28/10/2016', '29', 5, ''),
(74, '28/10/2016', '52', 3, ''),
(75, '14/09/2016', '99', 7, ''),
(76, '14/09/2016', '100', 5, ''),
(77, '14/09/2016', '102', 3, ''),
(78, '14/09/2016', '103', 3, ''),
(79, '11/11/2016', '61', 2, ''),
(80, '11/11/2016', '10', 1, ''),
(81, '11/11/2016', '62', 1, ''),
(82, '11/11/2016', '66', 1, ''),
(83, '30/11/2016', '79', 9, ''),
(84, '30/11/2016', '55', 3, ''),
(85, '30/11/2016', '30', 12, ''),
(86, '30/11/2016', '58', 6, ''),
(87, '30/11/2016', '32', 3, ''),
(88, '30/11/2016', '33', 8, ''),
(89, '30/11/2016', '29', 1, ''),
(90, '30/11/2016', '70', 1, ''),
(91, '30/11/2016', '92', 2, ''),
(92, '30/11/2016', '90', 13, ''),
(93, '30/11/2016', '72', 3, ''),
(94, '30/11/2016', '85', 2, ''),
(95, '30/11/2016', '74', 1, ''),
(96, '30/11/2016', '119', 2, '');

-- --------------------------------------------------------

--
-- Table structure for table `far_masuk`
--

CREATE TABLE `far_masuk` (
  `id_masuk` int(20) NOT NULL,
  `tgl` varchar(255) NOT NULL,
  `id_barang` varchar(100) NOT NULL,
  `jml` int(20) NOT NULL,
  `jenis_trans` varchar(55) NOT NULL
) ENGINE=InnoDB AUTO_INCREMENT=250 DEFAULT CHARSET=latin1;

--
-- Dumping data for table `far_masuk`
--

INSERT INTO `far_masuk` (`id_masuk`, `tgl`, `id_barang`, `jml`, `jenis_trans`) VALUES
(1, '21/04/2016', '4', 2, ''),
(2, '21/04/2016', '5', 2, ''),
(3, '21/04/2016', '6', 1, ''),
(4, '21/04/2016', '7', 3, ''),
(5, '21/04/2016', '8', 2, ''),
(6, '21/04/2016', '9', 1, ''),
(7, '21/04/2016', '10', 5, ''),
(8, '21/04/2016', '11', 2, ''),
(9, '21/04/2016', '12', 8, ''),
(10, '21/04/2016', '13', 3, ''),
(11, '21/04/2016', '14', 1, ''),
(12, '21/04/2016', '15', 2, ''),
(13, '21/04/2016', '16', 1, ''),
(14, '21/04/2016', '17', 4, ''),
(15, '21/04/2016', '18', 4, ''),
(16, '21/04/2016', '19', 2, ''),
(17, '21/04/2016', '20', 5, ''),
(18, '21/04/2016', '21', 2, ''),
(19, '21/04/2016', '22', 3, ''),
(20, '21/04/2016', '23', 8, ''),
(21, '21/04/2016', '24', 1, ''),
(22, '21/04/2016', '25', 1, ''),
(23, '21/04/2016', '26', 4, ''),
(24, '21/04/2016', '27', 3, ''),
(25, '21/04/2016', '28', 2, ''),
(26, '21/04/2016', '29', 6, ''),
(27, '21/04/2016', '30', 7, ''),
(28, '21/04/2016', '31', 2, ''),
(29, '21/04/2016', '32', 3, ''),
(30, '21/04/2016', '33', 14, ''),
(31, '21/04/2016', '34', 3, ''),
(32, '21/04/2016', '35', 1, ''),
(33, '21/04/2016', '36', 2, ''),
(34, '21/04/2016', '37', 1, ''),
(35, '21/04/2016', '38', 1, ''),
(36, '21/04/2016', '39', 1, ''),
(37, '21/04/2016', '40', 4, ''),
(38, '21/04/2016', '41', 4, ''),
(39, '21/04/2016', '42', 3, ''),
(40, '21/04/2016', '43', 3, ''),
(41, '21/04/2016', '44', 1, ''),
(42, '21/04/2016', '45', 2, ''),
(43, '21/04/2016', '46', 1, ''),
(44, '21/04/2016', '47', 1, ''),
(45, '21/04/2016', '48', 3, ''),
(46, '21/04/2016', '49', 3, ''),
(47, '21/04/2016', '50', 1, ''),
(48, '21/04/2016', '51', 8, ''),
(49, '21/04/2016', '52', 1, ''),
(50, '21/04/2016', '53', 1, ''),
(51, '21/04/2016', '54', 12, ''),
(52, '21/04/2016', '55', 14, ''),
(53, '21/04/2016', '56', 1, ''),
(54, '21/04/2016', '57', 1, ''),
(55, '21/04/2016', '58', 5, ''),
(56, '21/04/2016', '59', 6, ''),
(57, '21/04/2016', '60', 2, ''),
(58, '21/04/2016', '61', 5, ''),
(59, '21/04/2016', '62', 5, ''),
(60, '21/04/2016', '63', 1, ''),
(61, '21/04/2016', '64', 2, ''),
(62, '21/04/2016', '65', 1, ''),
(63, '21/04/2016', '66', 4, ''),
(64, '21/04/2016', '67', 2, ''),
(65, '21/04/2016', '68', 1, ''),
(66, '21/04/2016', '69', 1, ''),
(67, '21/04/2016', '70', 5, ''),
(68, '21/04/2016', '71', 2, ''),
(69, '21/04/2016', '72', 3, ''),
(70, '21/04/2016', '73', 3, ''),
(71, '21/04/2016', '74', 1, ''),
(72, '21/04/2016', '75', 1, ''),
(73, '21/04/2016', '76', 2, ''),
(74, '21/04/2016', '77', 2, ''),
(75, '21/04/2016', '78', 2, ''),
(76, '21/04/2016', '79', 7, ''),
(77, '21/04/2016', '80', 2, ''),
(78, '21/04/2016', '81', 1, ''),
(79, '21/04/2016', '82', 1, ''),
(80, '21/04/2016', '83', 2, ''),
(81, '21/04/2016', '84', 1, ''),
(82, '21/04/2016', '85', 1, ''),
(83, '21/04/2016', '86', 1, ''),
(84, '21/04/2016', '87', 1, ''),
(85, '21/04/2016', '88', 1, ''),
(86, '21/04/2016', '89', 7, ''),
(87, '21/04/2016', '90', 1, ''),
(88, '21/04/2016', '91', 0, ''),
(89, '21/04/2016', '92', 2, ''),
(90, '21/04/2016', '93', 2, ''),
(91, '21/04/2016', '94', 1, ''),
(92, '21/04/2016', '95', 2, ''),
(93, '21/04/2016', '96', 4, ''),
(94, '21/04/2016', '97', 16, ''),
(95, '21/04/2016', '98', 30, ''),
(96, '21/04/2016', '99', 14, ''),
(97, '21/04/2016', '100', 10, ''),
(98, '21/04/2016', '101', 4, ''),
(99, '21/04/2016', '102', 4, ''),
(100, '21/04/2016', '103', 7, ''),
(101, '21/04/2016', '104', 2, ''),
(102, '21/04/2016', '105', 5, ''),
(103, '21/04/2016', '106', 13, ''),
(104, '21/04/2016', '107', 7, ''),
(105, '21/04/2016', '108', 5, ''),
(108, '10/05/2016', '110', 1, ''),
(109, '10/05/2016', '17', 1, ''),
(110, '10/05/2016', '38', 1, ''),
(111, '10/05/2016', '10', 1, ''),
(112, '10/05/2016', '62', 1, ''),
(113, '10/05/2016', '92', 1, ''),
(114, '10/05/2016', '68', 1, ''),
(115, '09/05/2016', '52', 1, ''),
(116, '09/05/2016', '62', 1, ''),
(117, '09/05/2016', '33', 2, ''),
(118, '09/05/2016', '85', 1, ''),
(119, '09/05/2016', '90', 2, ''),
(120, '22/06/2016', '5', 2, ''),
(121, '22/07/2016', '7', 2, ''),
(122, '22/06/2016', '10', 5, ''),
(123, '22/06/2016', '70', 3, ''),
(124, '22/06/2016', '114', 1, ''),
(125, '22/06/2016', '32', 2, ''),
(126, '22/06/2016', '18', 1, ''),
(127, '22/06/2016', '19', 1, ''),
(128, '22/06/2016', '22', 1, ''),
(129, '22/06/2016', '25', 2, ''),
(130, '22/06/2016', '110', 5, ''),
(131, '22/06/2016', '111', 8, ''),
(132, '22/06/2016', '71', 1, ''),
(133, '22/06/2016', '72', 3, ''),
(134, '22/06/2016', '29', 5, ''),
(135, '22/06/2016', '115', 0, ''),
(136, '22/06/2016', '116', 2, ''),
(137, '22/06/2016', '117', 2, ''),
(138, '22/06/2016', '118', 2, ''),
(139, '22/06/2016', '33', 5, ''),
(140, '22/06/2016', '38', 1, ''),
(141, '22/06/2016', '37', 2, ''),
(142, '22/06/2016', '39', 1, ''),
(143, '22/06/2016', '40', 2, ''),
(144, '22/06/2016', '41', 2, ''),
(145, '22/06/2016', '42', 2, ''),
(146, '22/06/2016', '43', 1, ''),
(147, '22/06/2016', '85', 3, ''),
(148, '22/06/2016', '87', 1, ''),
(149, '22/06/2016', '88', 2, ''),
(150, '22/06/2016', '90', 5, ''),
(151, '22/06/2016', '91', 1, ''),
(152, '22/06/2016', '92', 2, ''),
(153, '22/06/2016', '52', 3, ''),
(154, '22/06/2016', '55', 5, ''),
(155, '22/06/2016', '58', 5, ''),
(156, '22/06/2016', '95', 2, ''),
(157, '22/06/2016', '61', 8, ''),
(158, '22/06/2016', '62', 8, ''),
(159, '22/06/2016', '67', 1, ''),
(160, '22/06/2016', '65', 1, ''),
(161, '22/06/2016', '66', 2, ''),
(162, '22/06/2016', '107', 10, ''),
(163, '22/06/2016', '119', 1, ''),
(164, '22/06/2016', '120', 5, ''),
(165, '22/06/2016', '121', 2, ''),
(166, '22/06/2016', '68', 5, ''),
(167, '09/05/2016', '44', 1, ''),
(168, '09/05/2016', '51', 1, ''),
(169, '09/05/2016', '5', 1, ''),
(170, '09/05/2016', '40', 4, ''),
(171, '13/06/2016', '35', 1, ''),
(172, '24/04/2016', '53', 1, ''),
(173, '26/04/2016', '13', 1, ''),
(174, '08/05/2016', '114', 0, ''),
(175, '01/11/2016', '30', 10, ''),
(176, '01/11/2016', '59', 5, ''),
(177, '01/11/2016', '79', 5, ''),
(178, '24/06/2016', '68', 1, ''),
(179, '24/06/2016', '70', 3, ''),
(180, '24/06/2016', '114', 1, ''),
(181, '22/06/2016', '18', 1, ''),
(182, '24/06/2016', '19', 1, ''),
(183, '24/06/2016', '33', 5, ''),
(184, '24/06/2016', '41', 1, ''),
(185, '24/06/2016', '87', 1, ''),
(186, '24/06/2016', '52', 3, ''),
(187, '24/06/2016', '55', 5, ''),
(188, '24/06/2016', '67', 1, ''),
(189, '24/06/2016', '66', 2, ''),
(190, '24/06/2016', '38', 1, ''),
(191, '24/06/2016', '90', 5, ''),
(192, '24/06/2016', '92', 2, ''),
(193, '24/06/2016', '61', 8, ''),
(194, '24/06/2016', '62', 8, ''),
(195, '24/06/2016', '85', 3, ''),
(196, '24/06/2016', '25', 2, ''),
(197, '24/06/2016', '115', 0, ''),
(198, '24/06/2016', '111', 8, ''),
(199, '24/06/2016', '58', 5, ''),
(200, '24/06/2016', '21', 1, ''),
(201, '24/06/2016', '72', 3, ''),
(202, '24/06/2016', '107', 10, ''),
(203, '24/06/2016', '120', 5, ''),
(204, '24/06/2016', '119', 1, ''),
(205, '27/06/2016', '68', 2, ''),
(206, '27/06/2016', '5', 2, ''),
(207, '27/06/2016', '32', 2, ''),
(208, '27/06/2016', '22', 1, ''),
(209, '27/06/2016', '110', 5, ''),
(210, '27/06/2016', '71', 1, ''),
(211, '27/06/2016', '29', 5, ''),
(212, '27/06/2016', '37', 2, ''),
(213, '27/06/2016', '39', 1, ''),
(214, '27/06/2016', '40', 2, ''),
(215, '27/06/2016', '41', 1, ''),
(216, '27/06/2016', '42', 2, ''),
(217, '27/06/2016', '43', 1, ''),
(218, '27/06/2016', '88', 2, ''),
(219, '27/06/2016', '95', 2, ''),
(220, '27/06/2016', '65', 1, ''),
(221, '27/06/2016', '91', 1, ''),
(222, '27/06/2016', '7', 2, ''),
(223, '27/06/2016', '10', 5, ''),
(224, '14/09/2016', '70', 8, ''),
(225, '14/09/2016', '111', 5, ''),
(226, '14/09/2016', '76', 2, ''),
(227, '14/09/2016', '74', 5, ''),
(228, '14/09/2016', '92', 2, ''),
(229, '14/09/2016', '89', 3, ''),
(230, '14/09/2016', '93', 2, ''),
(231, '14/09/2016', '96', 3, ''),
(232, '13/10/2016', '90', 6, ''),
(233, '13/10/2016', '96', 27, ''),
(234, '31/10/2016', '30', 5, ''),
(235, '31/10/2016', '59', 5, ''),
(236, '31/10/2016', '79', 5, ''),
(237, '07/06/2016', '104', 2, ''),
(238, '29/11/2016', '8', 1, ''),
(239, '29/11/2016', '74', 2, ''),
(240, '29/11/2016', '102', 5, ''),
(241, '29/11/2016', '90', 2, ''),
(242, '29/11/2016', '6', 2, ''),
(243, '29/11/2016', '111', 5, ''),
(244, '29/11/2016', '61', 2, ''),
(245, '29/11/2016', '62', 2, ''),
(246, '29/11/2016', '55', 2, ''),
(247, '29/11/2016', '89', 2, ''),
(248, '29/11/2016', '118', 2, ''),
(249, '29/11/2016', '119', 1, '');

-- --------------------------------------------------------

--
-- Table structure for table `far_satuan`
--

CREATE TABLE `far_satuan` (
  `id_satuan` int(20) NOT NULL,
  `nama_satuan` varchar(255) NOT NULL
) ENGINE=InnoDB AUTO_INCREMENT=10 DEFAULT CHARSET=latin1;

--
-- Dumping data for table `far_satuan`
--

INSERT INTO `far_satuan` (`id_satuan`, `nama_satuan`) VALUES
(1, 'Liter'),
(2, 'kg'),
(3, '500 g'),
(4, '250 g'),
(5, '500 ml'),
(6, 'FLZ/100 Tab'),
(7, 'Dus'),
(8, 'FLZ/1000 Tab.'),
(9, 'FLZ/250 Tab.');

-- --------------------------------------------------------

--
-- Table structure for table `far_stock`
--

CREATE TABLE `far_stock` (
  `id_barang` varchar(25) NOT NULL,
  `stok_awal` varchar(25) NOT NULL DEFAULT '0',
  `masuk` varchar(25) NOT NULL DEFAULT '0',
  `keluar` varchar(25) NOT NULL DEFAULT '0',
  `stok_akhir` varchar(25) NOT NULL DEFAULT '0',
  `stok_tersedia` varchar(25) NOT NULL DEFAULT '0'
) ENGINE=InnoDB DEFAULT CHARSET=latin1;

--
-- Dumping data for table `far_stock`
--

INSERT INTO `far_stock` (`id_barang`, `stok_awal`, `masuk`, `keluar`, `stok_akhir`, `stok_tersedia`) VALUES
('10', '5', '16', '7', '0', '9'),
('100', '10', '10', '5', '0', '5'),
('101', '4', '4', '0', '0', '4'),
('102', '4', '9', '3', '0', '6'),
('103', '7', '7', '3', '0', '4'),
('104', '2', '4', '0', '0', '4'),
('105', '5', '5', '0', '0', '5'),
('106', '13', '13', '4', '0', '9'),
('107', '7', '27', '4', '0', '23'),
('108', '5', '5', '0', '0', '5'),
('11', '2', '2', '0', '0', '2'),
('110', '1', '11', '1', '0', '10'),
('111', '8', '26', '7', '0', '19'),
('114', '0.5', '1.25', '0', '0', '1.25'),
('115', '0.25', '0.5', '0', '0', '0.5'),
('116', '2', '2', '0', '0', '2'),
('117', '2', '2', '0', '0', '2'),
('118', '2', '4', '0', '0', '4'),
('119', '1', '3', '2', '0', '1'),
('12', '8', '8', '1', '0', '7'),
('120', '5', '10', '0', '0', '10'),
('121', '2', '2', '0', '0', '2'),
('13', '2.5', '3.5', '1', '0', '2.5'),
('14', '1', '1', '0', '0', '1'),
('15', '1.5', '1.5', '0', '0', '1.5'),
('16', '1', '1', '0', '0', '1'),
('17', '4', '5', '0', '0', '5'),
('18', '4', '6', '0', '0', '6'),
('19', '2', '4', '0', '0', '4'),
('20', '5', '5', '0', '0', '5'),
('21', '2', '3', '0', '0', '3'),
('22', '2.5', '4.5', '0', '0', '4.5'),
('23', '8', '8', '1', '0', '7'),
('24', '1', '1', '0', '0', '1'),
('25', '1', '5', '0', '0', '5'),
('26', '4', '4', '0', '0', '4'),
('27', '3', '3', '0', '0', '3'),
('28', '2', '2', '0', '0', '2'),
('29', '6', '16', '9', '0', '7'),
('30', '7', '22', '17', '0', '5'),
('31', '2', '2', '0', '0', '2'),
('32', '3', '7', '4', '0', '3'),
('33', '14', '26', '13', '0', '13'),
('34', '3', '3', '0', '0', '3'),
('35', '1', '2', '0', '0', '2'),
('36', '2', '2', '0', '0', '2'),
('37', '0.5', '4.5', '2.5', '0', '2'),
('38', '1', '4', '0', '0', '4'),
('39', '1', '3', '0', '0', '3'),
('4', '2', '2', '0', '0', '2'),
('40', '4', '12', '0', '0', '12'),
('41', '4', '8', '1', '0', '7'),
('42', '3', '7', '0', '0', '7'),
('43', '3', '5', '2', '0', '3'),
('44', '1', '2', '0', '0', '2'),
('45', '2', '2', '0', '0', '2'),
('46', '1', '1', '0', '0', '1'),
('47', '1', '1', '0', '0', '1'),
('48', '3', '3', '1', '0', '2'),
('49', '3', '3', '0', '0', '3'),
('5', '2', '7', '4', '0', '3'),
('50', '1', '1', '0', '0', '1'),
('51', '8', '8.5', '0', '0', '8.5'),
('52', '1', '8', '4', '0', '4'),
('53', '1', '2', '0', '0', '2'),
('54', '12', '12', '1', '0', '11'),
('55', '14', '26', '18', '0', '8'),
('56', '0.75', '0.75', '0', '0', '0.75'),
('57', '1', '1', '0', '0', '1'),
('58', '5', '15', '8.5', '0', '6.5'),
('59', '6', '16', '8', '0', '8'),
('6', '1.25', '3.25', '0', '0', '3.25'),
('60', '2', '2', '0', '0', '2'),
('61', '5', '23', '14', '0', '9'),
('62', '5', '25', '15', '0', '10'),
('63', '1', '1', '0', '0', '1'),
('64', '2', '2', '0', '0', '2'),
('65', '1', '3', '0', '0', '3'),
('66', '4', '8', '5', '0', '3'),
('67', '2', '4', '0', '0', '4'),
('68', '1', '10', '2', '0', '8'),
('69', '1', '1', '0', '0', '1'),
('7', '3', '7', '1', '0', '6'),
('70', '5', '19', '8', '0', '11'),
('71', '2', '4', '0', '0', '4'),
('72', '3', '9', '5', '0', '4'),
('73', '3', '3', '0', '0', '3'),
('74', '1', '8', '1', '0', '7'),
('75', '1', '1', '0', '0', '1'),
('76', '2', '4', '0', '0', '4'),
('77', '1.5', '1.5', '0', '0', '1.5'),
('78', '1.5', '1.5', '0', '0', '1.5'),
('79', '7', '17', '14', '0', '3'),
('8', '2.2', '3.2', '0', '0', '3.2'),
('80', '2', '2', '0', '0', '2'),
('81', '1', '1', '0', '0', '1'),
('82', '1', '1', '0', '0', '1'),
('83', '2', '2', '1', '0', '1'),
('84', '1', '1', '0', '0', '1'),
('85', '1', '8', '2', '0', '6'),
('86', '0.5', '0.5', '0', '0', '0.5'),
('87', '1', '3', '0', '0', '3'),
('88', '1', '5', '0', '0', '5'),
('89', '7', '12', '4', '0', '8'),
('9', '1', '1', '0', '0', '1'),
('90', '1', '21', '14', '0', '7'),
('91', '0.25', '2.25', '0', '0', '2.25'),
('92', '2', '9', '1.5', '0', '7.5'),
('93', '2', '4', '0', '0', '4'),
('94', '1', '1', '0', '0', '1'),
('95', '2', '6', '0', '0', '6'),
('96', '4', '34', '1', '0', '33'),
('97', '16', '16', '2', '0', '14'),
('98', '30', '30', '3', '0', '27'),
('99', '14', '14', '7', '0', '7');

-- --------------------------------------------------------

--
-- Table structure for table `far_user`
--

CREATE TABLE `far_user` (
  `id_user` int(20) NOT NULL,
  `username` varchar(155) NOT NULL,
  `nama_user` varchar(255) NOT NULL,
  `password` varchar(255) NOT NULL,
  `psalt` text
) ENGINE=InnoDB DEFAULT CHARSET=latin1;

--
-- Dumping data for table `far_user`
--

INSERT INTO `far_user` (`id_user`, `username`, `nama_user`, `password`, `psalt`) VALUES
(1, 'laboran', 'Laboran Farmasi', '75f20ba06683e636c589009fb04a7373e754286a11ae011e773cfb6f6dc85dfe', '43blppt5p3FbrKYvtd1z');

--
-- Indexes for dumped tables
--

--
-- Indexes for table `far_alat`
--
ALTER TABLE `far_alat`
  ADD PRIMARY KEY (`id_alat`);

--
-- Indexes for table `far_barang`
--
ALTER TABLE `far_barang`
  ADD PRIMARY KEY (`id_barang`);

--
-- Indexes for table `far_dana`
--
ALTER TABLE `far_dana`
  ADD PRIMARY KEY (`id_dana`);

--
-- Indexes for table `far_kategori`
--
ALTER TABLE `far_kategori`
  ADD PRIMARY KEY (`id_kategori`);

--
-- Indexes for table `far_keluar`
--
ALTER TABLE `far_keluar`
  ADD PRIMARY KEY (`id_keluar`);

--
-- Indexes for table `far_masuk`
--
ALTER TABLE `far_masuk`
  ADD PRIMARY KEY (`id_masuk`);

--
-- Indexes for table `far_satuan`
--
ALTER TABLE `far_satuan`
  ADD PRIMARY KEY (`id_satuan`);

--
-- Indexes for table `far_stock`
--
ALTER TABLE `far_stock`
  ADD PRIMARY KEY (`id_barang`);

--
-- AUTO_INCREMENT for dumped tables
--

--
-- AUTO_INCREMENT for table `far_alat`
--
ALTER TABLE `far_alat`
  MODIFY `id_alat` int(55) NOT NULL AUTO_INCREMENT,AUTO_INCREMENT=83;
--
-- AUTO_INCREMENT for table `far_barang`
--
ALTER TABLE `far_barang`
  MODIFY `id_barang` int(20) NOT NULL AUTO_INCREMENT,AUTO_INCREMENT=142;
--
-- AUTO_INCREMENT for table `far_dana`
--
ALTER TABLE `far_dana`
  MODIFY `id_dana` int(5) NOT NULL AUTO_INCREMENT,AUTO_INCREMENT=7;
--
-- AUTO_INCREMENT for table `far_kategori`
--
ALTER TABLE `far_kategori`
  MODIFY `id_kategori` int(20) NOT NULL AUTO_INCREMENT,AUTO_INCREMENT=6;
--
-- AUTO_INCREMENT for table `far_keluar`
--
ALTER TABLE `far_keluar`
  MODIFY `id_keluar` int(20) NOT NULL AUTO_INCREMENT,AUTO_INCREMENT=97;
--
-- AUTO_INCREMENT for table `far_masuk`
--
ALTER TABLE `far_masuk`
  MODIFY `id_masuk` int(20) NOT NULL AUTO_INCREMENT,AUTO_INCREMENT=250;
--
-- AUTO_INCREMENT for table `far_satuan`
--
ALTER TABLE `far_satuan`
  MODIFY `id_satuan` int(20) NOT NULL AUTO_INCREMENT,AUTO_INCREMENT=10;
/*!40101 SET CHARACTER_SET_CLIENT=@OLD_CHARACTER_SET_CLIENT */;
/*!40101 SET CHARACTER_SET_RESULTS=@OLD_CHARACTER_SET_RESULTS */;
/*!40101 SET COLLATION_CONNECTION=@OLD_COLLATION_CONNECTION */;
